IP地址,状态,MAC地址,主机名,响应时间(ms),操作系统
192.168.1.10,离线,未知,未知,0.0,未知
192.168.1.4,离线,未知,未知,0.0,未知
192.168.1.7,离线,未知,未知,0.0,未知
192.168.1.16,离线,未知,未知,0.0,未知
192.168.1.3,离线,未知,未知,0.0,未知
192.168.1.18,离线,未知,未知,0.0,未知
192.168.1.12,离线,未知,未知,0.0,未知
192.168.1.6,离线,未知,未知,0.0,未知
192.168.1.11,离线,未知,未知,0.0,未知
192.168.1.31,离线,未知,未知,0.0,未知
192.168.1.17,离线,未知,未知,0.0,未知
192.168.1.9,离线,未知,未知,0.0,未知
192.168.1.30,离线,未知,未知,0.0,未知
192.168.1.32,离线,未知,未知,0.0,未知
192.168.1.13,离线,未知,未知,0.0,未知
192.168.1.24,离线,未知,未知,0.0,未知
192.168.1.23,离线,未知,未知,0.0,未知
192.168.1.15,离线,未知,未知,0.0,未知
192.168.1.28,离线,未知,未知,0.0,未知
192.168.1.14,离线,未知,未知,0.0,未知
192.168.1.26,离线,未知,未知,0.0,未知
192.168.1.19,离线,未知,未知,0.0,未知
192.168.1.2,离线,未知,未知,0.0,未知
192.168.1.27,离线,未知,未知,0.0,未知
192.168.1.33,离线,未知,未知,0.0,未知
192.168.1.21,离线,未知,未知,0.0,未知
192.168.1.39,离线,未知,未知,0.0,未知
192.168.1.8,离线,未知,未知,0.0,未知
192.168.1.22,离线,未知,未知,0.0,未知
192.168.1.35,离线,未知,未知,0.0,未知
192.168.1.20,离线,未知,未知,0.0,未知
192.168.1.43,离线,未知,未知,0.0,未知
192.168.1.36,离线,未知,未知,0.0,未知
192.168.1.52,离线,未知,未知,0.0,未知
192.168.1.42,离线,未知,未知,0.0,未知
192.168.1.62,离线,未知,未知,0.0,未知
192.168.1.45,离线,未知,未知,0.0,未知
192.168.1.71,离线,未知,未知,0.0,未知
192.168.1.65,离线,未知,未知,0.0,未知
192.168.1.55,离线,未知,未知,0.0,未知
192.168.1.46,离线,未知,未知,0.0,未知
192.168.1.40,离线,未知,未知,0.0,未知
192.168.1.59,离线,未知,未知,0.0,未知
192.168.1.25,离线,未知,未知,0.0,未知
192.168.1.64,离线,未知,未知,0.0,未知
192.168.1.61,离线,未知,未知,0.0,未知
192.168.1.78,离线,未知,未知,0.0,未知
192.168.1.37,离线,未知,未知,0.0,未知
192.168.1.94,离线,未知,未知,0.0,未知
192.168.1.66,离线,未知,未知,0.0,未知
192.168.1.47,离线,未知,未知,0.0,未知
192.168.1.93,离线,未知,未知,0.0,未知
192.168.1.92,离线,未知,未知,0.0,未知
192.168.1.68,离线,未知,未知,0.0,未知
192.168.1.53,离线,未知,未知,0.0,未知
192.168.1.73,离线,未知,未知,0.0,未知
192.168.1.34,离线,未知,未知,0.0,未知
192.168.1.76,离线,未知,未知,0.0,未知
192.168.1.98,离线,未知,未知,0.0,未知
192.168.1.81,离线,未知,未知,0.0,未知
192.168.1.91,离线,未知,未知,0.0,未知
192.168.1.88,离线,未知,未知,0.0,未知
192.168.1.41,离线,未知,未知,0.0,未知
192.168.1.69,离线,未知,未知,0.0,未知
192.168.1.99,离线,未知,未知,0.0,未知
192.168.1.79,离线,未知,未知,0.0,未知
192.168.1.84,离线,未知,未知,0.0,未知
192.168.1.48,离线,未知,未知,0.0,未知
192.168.1.38,离线,未知,未知,0.0,未知
192.168.1.67,离线,未知,未知,0.0,未知
192.168.1.58,离线,未知,未知,0.0,未知
192.168.1.87,离线,未知,未知,0.0,未知
192.168.1.56,离线,未知,未知,0.0,未知
192.168.1.82,离线,未知,未知,0.0,未知
192.168.1.97,离线,未知,未知,0.0,未知
192.168.1.70,离线,未知,未知,0.0,未知
192.168.1.77,离线,未知,未知,0.0,未知
192.168.1.63,离线,未知,未知,0.0,未知
192.168.1.57,离线,未知,未知,0.0,未知
192.168.1.89,离线,未知,未知,0.0,未知
192.168.1.29,离线,未知,未知,0.0,未知
192.168.1.44,离线,未知,未知,0.0,未知
192.168.1.60,离线,未知,未知,0.0,未知
192.168.1.96,离线,未知,未知,0.0,未知
192.168.1.95,离线,未知,未知,0.0,未知
192.168.1.50,离线,未知,未知,0.0,未知
192.168.1.85,离线,未知,未知,0.0,未知
192.168.1.51,离线,未知,未知,0.0,未知
192.168.1.75,离线,未知,未知,0.0,未知
192.168.1.83,离线,未知,未知,0.0,未知
192.168.1.54,离线,未知,未知,0.0,未知
192.168.1.100,离线,未知,未知,0.0,未知
192.168.1.74,离线,未知,未知,0.0,未知
192.168.1.49,离线,未知,未知,0.0,未知
192.168.1.72,离线,未知,未知,0.0,未知
192.168.1.86,离线,未知,未知,0.0,未知
192.168.1.80,离线,未知,未知,0.0,未知
192.168.1.90,离线,未知,未知,0.0,未知
192.168.1.102,离线,未知,未知,0.0,未知
192.168.1.104,离线,未知,未知,0.0,未知
192.168.1.103,离线,未知,未知,0.0,未知
192.168.1.105,离线,未知,未知,0.0,未知
192.168.1.101,离线,未知,未知,0.0,未知
192.168.1.107,离线,未知,未知,0.0,未知
192.168.1.108,离线,未知,未知,0.0,未知
192.168.1.109,离线,未知,未知,0.0,未知
192.168.1.106,离线,未知,未知,0.0,未知
192.168.1.112,离线,未知,未知,0.0,未知
192.168.1.110,离线,未知,未知,0.0,未知
192.168.1.111,离线,未知,未知,0.0,未知
192.168.1.114,离线,未知,未知,0.0,未知
192.168.1.119,离线,未知,未知,0.0,未知
192.168.1.116,离线,未知,未知,0.0,未知
192.168.1.118,离线,未知,未知,0.0,未知
192.168.1.113,离线,未知,未知,0.0,未知
192.168.1.117,离线,未知,未知,0.0,未知
192.168.1.121,离线,未知,未知,0.0,未知
192.168.1.122,离线,未知,未知,0.0,未知
192.168.1.128,离线,未知,未知,0.0,未知
192.168.1.120,离线,未知,未知,0.0,未知
192.168.1.130,离线,未知,未知,0.0,未知
192.168.1.124,离线,未知,未知,0.0,未知
192.168.1.126,离线,未知,未知,0.0,未知
192.168.1.115,离线,未知,未知,0.0,未知
192.168.1.138,离线,未知,未知,0.0,未知
192.168.1.131,离线,未知,未知,0.0,未知
192.168.1.125,离线,未知,未知,0.0,未知
192.168.1.127,离线,未知,未知,0.0,未知
192.168.1.140,离线,未知,未知,0.0,未知
192.168.1.134,离线,未知,未知,0.0,未知
192.168.1.168,离线,未知,未知,0.0,未知
192.168.1.198,离线,未知,未知,0.0,未知
192.168.1.175,离线,未知,未知,0.0,未知
192.168.1.143,离线,未知,未知,0.0,未知
192.168.1.190,离线,未知,未知,0.0,未知
192.168.1.133,离线,未知,未知,0.0,未知
192.168.1.166,离线,未知,未知,0.0,未知
192.168.1.135,离线,未知,未知,0.0,未知
192.168.1.139,离线,未知,未知,0.0,未知
192.168.1.129,离线,未知,未知,0.0,未知
192.168.1.132,离线,未知,未知,0.0,未知
192.168.1.169,离线,未知,未知,0.0,未知
192.168.1.150,离线,未知,未知,0.0,未知
192.168.1.149,离线,未知,未知,0.0,未知
192.168.1.159,离线,未知,未知,0.0,未知
192.168.1.191,离线,未知,未知,0.0,未知
192.168.1.183,离线,未知,未知,0.0,未知
192.168.1.163,离线,未知,未知,0.0,未知
192.168.1.195,离线,未知,未知,0.0,未知
192.168.1.142,离线,未知,未知,0.0,未知
192.168.1.155,离线,未知,未知,0.0,未知
192.168.1.187,离线,未知,未知,0.0,未知
192.168.1.194,离线,未知,未知,0.0,未知
192.168.1.156,离线,未知,未知,0.0,未知
192.168.1.173,离线,未知,未知,0.0,未知
192.168.1.171,离线,未知,未知,0.0,未知
192.168.1.137,离线,未知,未知,0.0,未知
192.168.1.123,离线,未知,未知,0.0,未知
192.168.1.180,离线,未知,未知,0.0,未知
192.168.1.167,离线,未知,未知,0.0,未知
192.168.1.184,离线,未知,未知,0.0,未知
192.168.1.144,离线,未知,未知,0.0,未知
192.168.1.185,离线,未知,未知,0.0,未知
192.168.1.164,离线,未知,未知,0.0,未知
192.168.1.178,离线,未知,未知,0.0,未知
192.168.1.197,离线,未知,未知,0.0,未知
192.168.1.148,离线,未知,未知,0.0,未知
192.168.1.151,离线,未知,未知,0.0,未知
192.168.1.160,离线,未知,未知,0.0,未知
192.168.1.145,离线,未知,未知,0.0,未知
192.168.1.193,离线,未知,未知,0.0,未知
192.168.1.170,离线,未知,未知,0.0,未知
192.168.1.157,离线,未知,未知,0.0,未知
192.168.1.192,离线,未知,未知,0.0,未知
192.168.1.161,离线,未知,未知,0.0,未知
192.168.1.147,离线,未知,未知,0.0,未知
192.168.1.162,离线,未知,未知,0.0,未知
192.168.1.174,离线,未知,未知,0.0,未知
192.168.1.177,离线,未知,未知,0.0,未知
192.168.1.182,离线,未知,未知,0.0,未知
192.168.1.146,离线,未知,未知,0.0,未知
192.168.1.165,离线,未知,未知,0.0,未知
192.168.1.158,离线,未知,未知,0.0,未知
192.168.1.189,离线,未知,未知,0.0,未知
192.168.1.179,离线,未知,未知,0.0,未知
192.168.1.186,离线,未知,未知,0.0,未知
192.168.1.136,离线,未知,未知,0.0,未知
192.168.1.176,离线,未知,未知,0.0,未知
192.168.1.188,离线,未知,未知,0.0,未知
192.168.1.152,离线,未知,未知,0.0,未知
192.168.1.196,离线,未知,未知,0.0,未知
192.168.1.172,离线,未知,未知,0.0,未知
192.168.1.154,离线,未知,未知,0.0,未知
192.168.1.181,离线,未知,未知,0.0,未知
192.168.1.141,离线,未知,未知,0.0,未知
192.168.1.153,离线,未知,未知,0.0,未知
192.168.1.201,离线,未知,未知,0.0,未知
192.168.1.203,离线,未知,未知,0.0,未知
192.168.1.199,离线,未知,未知,0.0,未知
192.168.1.204,离线,未知,未知,0.0,未知
192.168.1.202,离线,未知,未知,0.0,未知
192.168.1.206,离线,未知,未知,0.0,未知
192.168.1.200,离线,未知,未知,0.0,未知
192.168.1.205,离线,未知,未知,0.0,未知
192.168.1.208,离线,未知,未知,0.0,未知
192.168.1.207,离线,未知,未知,0.0,未知
192.168.1.209,离线,未知,未知,0.0,未知
192.168.1.210,离线,未知,未知,0.0,未知
192.168.1.215,离线,未知,未知,0.0,未知
192.168.1.212,离线,未知,未知,0.0,未知
192.168.1.214,离线,未知,未知,0.0,未知
192.168.1.213,离线,未知,未知,0.0,未知
192.168.1.217,离线,未知,未知,0.0,未知
192.168.1.218,离线,未知,未知,0.0,未知
192.168.1.211,离线,未知,未知,0.0,未知
192.168.1.222,离线,未知,未知,0.0,未知
192.168.1.216,离线,未知,未知,0.0,未知
192.168.1.230,离线,未知,未知,0.0,未知
192.168.1.238,离线,未知,未知,0.0,未知
192.168.1.221,离线,未知,未知,0.0,未知
192.168.1.219,离线,未知,未知,0.0,未知
192.168.1.224,离线,未知,未知,0.0,未知
192.168.1.220,离线,未知,未知,0.0,未知
192.168.1.233,离线,未知,未知,0.0,未知
192.168.1.226,离线,未知,未知,0.0,未知
192.168.1.223,离线,未知,未知,0.0,未知
192.168.1.246,离线,未知,未知,0.0,未知
192.168.1.225,离线,未知,未知,0.0,未知
192.168.1.247,离线,未知,未知,0.0,未知
192.168.1.231,离线,未知,未知,0.0,未知
192.168.1.252,离线,未知,未知,0.0,未知
192.168.1.249,离线,未知,未知,0.0,未知
192.168.1.244,离线,未知,未知,0.0,未知
192.168.1.242,离线,未知,未知,0.0,未知
192.168.1.251,离线,未知,未知,0.0,未知
192.168.1.253,离线,未知,未知,0.0,未知
192.168.1.236,离线,未知,未知,0.0,未知
192.168.1.227,离线,未知,未知,0.0,未知
192.168.1.235,离线,未知,未知,0.0,未知
192.168.1.248,离线,未知,未知,0.0,未知
192.168.1.250,离线,未知,未知,0.0,未知
192.168.1.237,离线,未知,未知,0.0,未知
192.168.1.228,离线,未知,未知,0.0,未知
192.168.1.241,离线,未知,未知,0.0,未知
192.168.1.243,离线,未知,未知,0.0,未知
192.168.1.232,离线,未知,未知,0.0,未知
192.168.1.229,离线,未知,未知,0.0,未知
192.168.1.239,离线,未知,未知,0.0,未知
192.168.1.240,离线,未知,未知,0.0,未知
192.168.1.234,离线,未知,未知,0.0,未知
192.168.1.245,离线,未知,未知,0.0,未知
192.168.1.254,离线,未知,未知,0.0,未知
192.168.1.1,在线,未知,192.168.1.1,34.0,未知
192.168.1.5,在线,未知,192.168.1.5,35.0,未知
